{"cameraMode":{"drawMode":0,"name":"Shaded","section":"Shading Mode"},"sceneLighting":false,"audioPlay":false,"sceneViewState":{"m_AlwaysRefresh":false,"showFog":true,"showSkybox":false,"showFlares":true,"showImageEffects":true,"showParticleSystems":true,"showVisualEffectGraphs":true,"m_FxEnabled":true},"in2DMode":false,"pivot":{"x":55.811866760253909,"y":2.935441493988037,"z":55.156246185302737},"rotation":{"x":-0.0018274657195433975,"y":0.9782601594924927,"z":-0.20759862661361695,"w":-0.008291364647448063},"size":6.295578956604004,"orthographic":false}